"ref_align"	"read_align"	"freq_mean"
"AGCAGCCGTC-GGGAGGAGTC"	"AGCAGCCGTCAGGGAGGAGTC"	0.08754528440883817
"AGCAGCCGTCGGGAGGAGTC"	"AGCAGCCGTCGGGAGGAGTC"	0.02877403457362263
"AGCAGCCGTCGGGAGGAGTC"	"AGCAGCCGTC-GGAGGAGTC"	0.0021272854555003298
"AGCAGCCGTCGGGAGGAGTC"	"AGCAGCCGT-GGGAGGAGTC"	0.00193552408893758
"AGCAGCCGTCGGGAGGAGTC"	"AGCAGCCG--GGGAGGAGTC"	0.0016981765795129045
"AGCAGCCGTCGGGAGGAGTC"	"AGCAGCC---GGGAGGAGTC"	0.0015421557895566318
"AGCAGCCGTCGGGAGGAGTC"	"AGCAGCCGTAGGGAGGAGTC"	0.0013475676060504393
"AGCAGCCGTCGGGAGGAGTC"	"AGCA------GGGAGGAGTC"	0.0012124602190476078
"AGCAGCCGTC--GGGAGGAGTC"	"AGCAGCCGTCAAGGGAGGAGTC"	0.0010567608398098288
"AGCAGCCGTCGGGAGGAGTC"	"AGCAGCCGA-GGGAGGAGTC"	0.0009797603765244565
"AGCAGCCGTC--GGGAGGAGTC"	"AGCAGCCGTCCAGGGAGGAGTC"	0.0007382279806810787
"AGCAGCCGTC-GGGAGGAGTC"	"AGCAGCCGTCTGGGAGGAGTC"	0.0007145014861675684
"AGCAGCCGTCGGGAGGAGTC"	"AGCAGCCGTC--GAGGAGTC"	0.0005801325418190672
"AGCAGCCGTCGGGAGGAGTC"	"A---------GGGAGGAGTC"	0.0005682137109755668
"AGCAGCCGTC--GGGAGGAGTC"	"AGCAGCCGTCTAGGGAGGAGTC"	0.0005556049417896704
"AGCAGCCGTCGGGAGGAGTC"	"AGCAGCCGT--GGAGGAGTC"	0.0005497937524815081
"AGCAGCCGTCGGGAGGAGTC"	"AGCAGCCA--GGGAGGAGTC"	0.0005451797002401083
"AGCAGCCGTCGGGAGGAGTC"	"AGCAGCC----GGAGGAGTC"	0.0005328672548267467
"AGCAGCCGTCGGGAGGAGTC"	"AGCAG-----GGGAGGAGTC"	0.000510731682593934
"AGCAGCCGTCGGGAGGAGTC"	"AGCAGCCGTC----GGAGTC"	0.0004130315805534371
"AGCAGCCGTCGGGAGGAGTC"	"AGCAGCCGTC---AGGAGTC"	0.00038186644060724315
"AGCAGCCGTCGGGAGGAGTC"	"AGCAGCCG------------"	0.00035955749536161266
"AGCAGCCGTCGGGAGGAGTC"	"AGCAGC-------------C"	0.0003463993151028874
"AGCAGCCGTCGGGAGGAGTC"	"AGCA-------GGAGGAGTC"	0.0003458732718805219
"AGCAGCCGTCGGGAGGAGTC"	"----------GGGAGGAGTC"	0.0003406441774186756
"AGCAGCCGTCGGGAGGAGTC"	"AGCAA-----GGGAGGAGTC"	0.00034039173654319633
"AGCAGCCGTCGGGAGGAGTC"	"AGC-------GGGAGGAGTC"	0.00033457827290707143
"AGCAGCCGTCGGGAGGAGTC"	"AGCA----------------"	0.0003248686349681078
"AGCAGCCGTCGGGAGGAGTC"	"AGCAGC----GGGAGGAGTC"	0.00031741784117282623
"AGCAGCCGTCGGGAGGAGTC"	"AGCAGCCGT-----------"	0.0002986591649189567
"AGCAGCCGTCGGGAGGAGTC"	"AGCAGCC-----GAGGAGTC"	0.00028182191239600805
"AGCAGCCGTC--GGGAGGAGTC"	"AGCAGCCGTCGAGGGAGGAGTC"	0.00027345135720181985
"AGCAGCCGTCGGGAGGAGTC"	"AGCAG---------------"	0.00023704127923985418
"AGCAGCCGTCGGGAGGAGTC"	"AGCAGA----GGGAGGAGTC"	0.0002224790373067111
"AGCAGCCGTC-GGGAGGAGTC"	"AGCAGCCGTCGGGGAGGAGTC"	0.00019973672317605902
"AGCAGCCGTCGGGAGGAGTC"	"AG--------GGGAGGAGTC"	0.00018660757473769972
"AGCAGCCGTC-GGGAGGAGTC"	"AGCAGCCGTCCGGGAGGAGTC"	0.0001760193014232383
"AGCAGCCGTC-GGGAGGAGTC"	"AGCAGCCGTCAGGGAGGAGAC"	0.00016565422288644153
"AGCAGCCGTCGGGAGGAGTC"	"AGCA--------GAGGAGTC"	0.00015932141830014943
"AGCAGCCGTCGGGAGGAGTC"	"AGCAGCCGTCGGGAGGAGGC"	0.0001461550950578757
"AGCAGCCGTCGGGAGGAGTC"	"AGCAGCA---GGGAGGAGTC"	0.00014341027274959286
"AGCAGCCGTCGGGAGGAGTC"	"AGCAGCCGT---GAGGAGTC"	0.0001412699721420769
"AGCAGCCGTCGGGAGGAGTC"	"AGC----------AGGAGTC"	0.00014114318454375185
"AGCAGCCGTC-GGGAGGAGTC"	"AGCAGCCGTCAGGGGGGAGTC"	0.00013494710975649638
"AGCAGCCGTCGGGAGGAGTC"	"AGCAGCCG------GGAGTC"	0.0001311690381573245
"AGCAGCCGTC-GGGAGGAGTC"	"AGCAGCCGTCAGGTAGGAGTC"	0.00012989845965973997
"AGCAGCCGTCGGGAGGAGTC"	"A----------GGAGGAGTC"	0.00012875839137268947
"AGCAGCCGTCGGGAGGAGTC"	"AGCAGCC-------GGAGTC"	0.00012754332291418517
"AGCAGCCGTC-GGGAGGAGTC"	"AGCAGCCGTCAGGGAGGAGTA"	0.00012524802364670032
"AGCAGCCGTCGGGAGGAGTC"	"AGCAGCCGTC-------GTC"	0.00011952737981990026
"AGCAGCCGTCGGGAGGAGTC"	"AGCAGCCGTC-----GAGTC"	0.00011665801828681415
"AGCAGCCGTC-GGGAGGAGTC"	"AGCAGCCGTCAGGGAGGAGGC"	0.00011438178425489365
"AGCAGCCGTCGGGAGGAGTC"	"AGCAGCCGT-----GGAGTC"	0.00010763101557822306
"AGCAGCCGTCGGGAGGAGTC"	"AGCAGCCGT----AGGAGTC"	0.00010758640818845314
"AGCAGCCGTC-GGGAGGAGTC"	"AGCAGCCGTCAGGGAGAAGTC"	0.00010496330930312497
"AGCAGCCGTCGGGAGGAGTC"	"AG-----------------C"	0.00010044445941043153
"AGCAGCCGTCGGGAGGAGTC"	"AGCAGCC----------GTC"	9.721616019204398e-05
"AGCAGCCGTC-GGGAGGAGTC"	"AGCAGCCGTCATGGAGGAGTC"	9.62389358112806e-05
"AGCAGCCGTCGGGAGGAGTC"	"AGCAGCC------AGGAGTC"	9.3812478616929e-05
"AGCAGCCGTCGGGAGGAGTC"	"AGCAGCCGTCGGGAGGAGAC"	9.28668258369361e-05
"AGCAGCCGTC--GGGAGGAGTC"	"AGCAGCCGTCTCGGGAGGAGTC"	8.533443644444496e-05
"AGCAGCCGTC-GGGAGGAGTC"	"AGCAGCCGTAAGGGAGGAGTC"	7.911780778392044e-05
"AGCAGCCGTCGGGAGGAGTC"	"AGC--------GGAGGAGTC"	7.888346922897723e-05
"AGCAGCCGTCGGGAGGAGTC"	"AGCA---------AGGAGTC"	7.724392996897191e-05
"AGCAGCCGTCGGGAGGAGTC"	"AGCAG--------------C"	7.658357397231379e-05
"AGCAGCCGTC-GGGAGGAGTC"	"AGCAGCCGTCAGGGAGGAGTG"	7.598455788839067e-05
"AGCAGCCGTCGGGAGGAGTC"	"A-----------GAGGAGTC"	5.7215976436325485e-05
"AGCAGCCGTCGGGAGGAGTC"	"AGCAGC-----GGAGGAGTC"	5.572943042164567e-05
"AGCAGCCGTC-GGGAGGAGTC"	"AGCAGCCGTCAGGGAGGTGTC"	5.422015229852087e-05
"AGCAGCCGTCGGGAGGAGTC"	"AGC-------------AGTC"	5.074796240377199e-05
"AGCAGCCGTCGGGAGGAGTC"	"AGCAG---------GGAGTC"	4.7649497897201174e-05
"AGCAGCCGTC-GGGAGGAGTC"	"AGCAGCCGTCAGGGAGGAGCC"	4.717545703345345e-05
"AGCAGCCGTCGGGAGGAGTC"	"-------------AGGAGTC"	4.616742207098543e-05
"AGCAGCCGTCGGGAGGAGTC"	"AGCAGCCGTC------AGTC"	4.523027947080231e-05
"AGCAGCCGTC-GGGAGGAGTC"	"GGCAGCCGTCAGGGAGGAGTC"	4.490288392247091e-05
"AGCAGCCGTCGGGAGGAGTC"	"AGCAGCCGTC--------TC"	4.405847981516508e-05
"AGCAGCCGTCGGGAGGAGTC"	"AGCAGCCGTCGTGAGGAGTC"	4.3840475496447176e-05
"AGCAGCCGTCGGGAGGAGTC"	"AGCAGCCGTCGGGAGGGGTC"	4.198912403546191e-05
"AGCAGCCGTCGGGAGGAGTC"	"AGCAGCC--------GAGTC"	4.054381638448727e-05
"AGCAGCCGTC-GGGAGGAGTC"	"AGCAGCCGTCAGGGAGTAGTC"	3.9974569043900475e-05
"AGCAGCCGTCGGGAGGAGTC"	"AGCAGCCGCAGGGAGGAGTC"	3.955786595295225e-05
"AGCAGCCGTC-GGGAGGAGTC"	"AGCAGCCGTCAGGGAGGAATC"	3.8846693656016355e-05
"AGCAGCCGTC--GGGAGGAGTC"	"AGCAGCCGTCTGGGGAGGAGTC"	3.7801707745749335e-05
"AGCAGCCGTCGGGAGGAGTC"	"AGCAGCCGTCGGGAGGAGTA"	3.731709548290556e-05
"AGCAGCCGTC-GGGAGGAGTC"	"AGCAGACGTCAGGGAGGAGTC"	3.659027140652426e-05
"AGCAGCCGTCGGGAGGAGTC"	"AGCAGCCG-----------C"	3.535317989622412e-05
"AGCAGCCGTCGGGAGGAGTC"	"AGCAGCCGTCGGGAGGATTC"	3.529682459134852e-05
"AGCAGCCGTC-GGGAGGAGTC"	"AGCAGCCGTCAGGGAGGGGTC"	3.421278626101371e-05
"AGCAGCCGTCGGGAGGAGTC"	"AGCAGCCG---------GTC"	3.2242258793388934e-05
"AGCAGCCGTCGGGAGGAGTC"	"-----------GGAGGAGTC"	3.1671836649398696e-05
"AGCAGCCGTCGGGAGGAGTC"	"AGCAGCCGAAGGGAGGAGTC"	3.149353403180746e-05
"AGCAGCCGTC-GGGAGGAGTC"	"AGCAGCCGTCAGGGAGGAGTT"	3.0536628497499175e-05
"AGCAGCCGTC---GGGAGGAGTC"	"AGCAGCCGTCGAAGGGAGGAGTC"	3.00737761595912e-05
"AGCAGCCGTCGGGAGGAGTC"	"A------------AGGAGTC"	3.005017744386364e-05
"AGCAGCCGTC-GGGAGGAGTC"	"CGCAGCCGTCAGGGAGGAGTC"	2.9599702098703143e-05
"AGCAGCCGTC-GGGAGGAGTC"	"AGCAGTCGTCAGGGAGGAGTC"	2.939805322138269e-05
"AGCAGCCGTC-GGGAGGAGTC"	"AGCAGCCGTCAGGGAGGATTC"	2.9152514146292555e-05
"AGCAGCCGTC-GGGAGGAGTC"	"AGCAGCCGTCAGGGCGGAGTC"	2.881772442503054e-05
"AGCAGCCGTC-GGGAGGAGTC"	"AGCAGCCGGCAGGGAGGAGTC"	2.8807764620787547e-05
"AGCAGCCGTC-GGGAGGAGTC"	"AGCAGCTGTCAGGGAGGAGTC"	2.8652731612379643e-05
"AGCAGCCGTCGGGAGGAGTC"	"AGCAGCCGTCGGGTGGAGTC"	2.7711068295008103e-05
"AGCAGCCGTCGGGAGGAGTC"	"AGC---------GAGGAGTC"	2.660197523347048e-05
"AGCAGCCGTCGGGAGGAGTC"	"AGCAGCCGT--------GTC"	2.5765461463409045e-05
"AGCAGCCGTC-GGGAGGAGTC"	"TGCAGCCGTCAGGGAGGAGTC"	2.561551462523926e-05
"AGCAGCCGTC-GGGAGGAGTC"	"AGCAGCCGTCAGTGAGGAGTC"	2.5422744021173147e-05
"AGCAGCCGTC---GGGAGGAGTC"	"AGCAGCCGTCGCAGGGAGGAGTC"	2.5270080116810986e-05
"AGCAGCCGTC-GGGAGGAGTC"	"AGCAGCCGTCAGGGAGGCGTC"	2.517473336109646e-05
"AGCAGCCGTC-GGGAGGAGTC"	"AGCAGCCGTCAGGGATGAGTC"	2.4339604299329196e-05
"AGCAGCCGTCGGGAGGAGTC"	"AGCAGCCGT------GAGTC"	2.431749532070721e-05
"AGCAGCCGTC-GGGAGGAGTC"	"AGCAGCCTTCAGGGAGGAGTC"	2.415309216418059e-05
"AGCAGCCGTCGGGAGGAGTC"	"AGCA-----------GAGTC"	2.3950530586268897e-05
"AGCAGCCGTCGGGAGGAGTC"	"AGCAGCCGT-AGGAGGAGTC"	2.353173774346403e-05
"AGCAGCCGTCGGGAGGAGTC"	"AGCAGCC------------C"	2.34018902063119e-05
"AGCAGCCGTCGGGAGGAGTC"	"AGCAGCCGTCGGGAGGAGTT"	2.3344545391099374e-05
"AGCAGCCGTC-GGGAGGAGTC"	"AGCAGCAGTCAGGGAGGAGTC"	2.2632075759072287e-05
"AGCAGCCGTCGGGAGGAGTC"	"AGC-----------GGAGTC"	2.23184823827003e-05
"AGCAGCCGTCGGGAGGAGTC"	"AGCAGCC-----------TC"	2.1565279448770904e-05
"AGCAGCCGTC-GGGAGGAGTC"	"AGCAGGCGTCAGGGAGGAGTC"	2.156148989185683e-05
"AGCAGCCGTCGGGAGGAGTC"	"----------------AGTC"	2.1449202510457484e-05
"AGCAGCCGTC-GGGAGGAGTC"	"ATCAGCCGTCAGGGAGGAGTC"	2.1448191636257212e-05
"AGCAGCCGTC-GGGAGGAGTC"	"AGCAGCGGTCAGGGAGGAGTC"	2.1224620658037326e-05
"AGCAGCCGTC-GGGAGGAGTC"	"AGCAGCCGTCAGGGAGCAGTC"	2.094375889002837e-05
"AGCAGCCGTCGGGAGGAGTC"	"AGCAGCCGTGGGGAGGAGTC"	2.0898621687457233e-05
"AGCAGCCGTC---GGGAGGAGTC"	"AGCAGCCGTCAAAGGGAGGAGTC"	2.072651637360918e-05
"AGCAGCCGTC---GGGAGGAGTC"	"AGCAGCCGTCTAAGGGAGGAGTC"	2.0539298273123568e-05
"AGCAGCCGTCGGGAGGAGTC"	"AGCAGC------GAGGAGTC"	1.9980486723902395e-05
"AGCAGCCGTCGGGAGGAGTC"	"AGCAG------------GTC"	1.9646968433711538e-05
"AGCAGCCGTCGGGAGGAGTC"	"AGCAGCCGTCGGGAGGAGCC"	1.945124912536333e-05
"AGCAGCCGTC--GGGAGGAGTC"	"AGCAGCCGTCATGGGAGGAGTC"	1.92351526029563e-05
"AGCAGCCGTC-GGGAGGAGTC"	"AGCAGCCGCCAGGGAGGAGTC"	1.8820236042713407e-05
"AGCAGCCGTC-GGGAGGAGTC"	"AGTAGCCGTCAGGGAGGAGTC"	1.8660690735880654e-05
"AGCAGCCGTC-GGGAGGAGTC"	"AGCGGCCGTCAGGGAGGAGTC"	1.8190784205381263e-05
"AGCAGCCGTCGGGAGGAGTC"	"AGCAGCCGTTGGGAGGAGTC"	1.7491985432554952e-05
"AGCAGCCGTC--GGGAGGAGTC"	"AGCAGCCGTCTTGGGAGGAGTC"	1.719257282344482e-05
"AGCAGCCGTCGGGAGGAGTC"	"AGCAGCCGGCGGGAGGAGTC"	1.6979474806883468e-05
"AGCAGCCGTCGGGAGGAGTC"	"AGCAGCCGTCGGGAGGAGTG"	1.673424227151383e-05
"AGCAGCCGTCGGGAGGAGTC"	"AGCAGCCAA-GGGAGGAGTC"	1.6542283444828967e-05
"AGCAGCCGTCGGGAGGAGTC"	"AGCA---------------C"	1.5815019779150913e-05
"AGCAGCCGTCGGGAGGAGTC"	"AGCAGCC---GGGAGGAGGC"	1.5804975806452405e-05
"AGCAGCCGTCGGGAGGAGTC"	"GGCAGCCGTCGGGAGGAGTC"	1.5791699585171164e-05
"AGCAGCCGTCGGGAGGAGTC"	"AGCAGCCGTCTGGAGGAGTC"	1.5685150244272044e-05
"AGCAGCCGTC---GGGAGGAGTC"	"AGCAGCCGTCTCAGGGAGGAGTC"	1.5365662364136645e-05
"AGCAGCCGTC-GGGAGGAGTC"	"AGCAGCCGACAGGGAGGAGTC"	1.5304614060282373e-05
"AGCAGCCGTC-----GGGAGGAGTC"	"AGCAGCCGTCTTCCAGGGAGGAGTC"	1.514986186489329e-05
"AGCAGCCGTCGGGAGGAGTC"	"A--------------GAGTC"	1.474425162640117e-05
"AGCAGCCGTC-GGGAGGAGTC"	"AGCATCCGTCAGGGAGGAGTC"	1.4625079653943175e-05
"AGCAGCCGTCGGGAGGAGTC"	"AGCAGC-------AGGAGTC"	1.4622077557401751e-05
"AGCAGCCGTCGGGAGGAGTC"	"AGCAGCCGTC-TGAGGAGTC"	1.46176457777387e-05
"AGCAGCCGTC-GGGAGGAGTC"	"AGCCGCCGTCAGGGAGGAGTC"	1.461592106185568e-05
"AGCAGCCGTCGGGAGGAGTC"	"AGCAGCCGTCGGGAGGCGTC"	1.4522076188629821e-05
"AGCAGCCGTCGGGAGGAGTC"	"AGCA--------------TC"	1.4520862470578964e-05
"AGCAGCCGTC-GGGAGGAGTC"	"AGCAGCCATCAGGGAGGAGTC"	1.4401899969155692e-05
"AGCAGCCGTC--GGGAGGAGTC"	"AGCAGCCGTCGTGGGAGGAGTC"	1.4183518983662296e-05
"AGCAGCCGTCGGGAGGAGTC"	"AGCAGCCG--AGGAGGAGTC"	1.3916677275380085e-05
"AGCAGCCGTC-GGGAGGAGTC"	"AGCAGCCGTCAGGAAGGAGTC"	1.3347467546541013e-05
"AGCAGCCGTCGGGAGGAGTC"	"AGCAGCCGTCAGGAGGAGTC"	1.3152391458634893e-05
"AGCAGCCGTC----GGGAGGAGTC"	"AGCAGCCGTCTCCAGGGAGGAGTC"	1.3150278817256842e-05
"AGCAGCCGTCGGGAGGAGTC"	"AGCAAA----GGGAGGAGTC"	1.3049536554449825e-05
"AGCAGCCGTCGGGAGGAGTC"	"AGCAGCCGTCGGGCGGAGTC"	1.225451159311677e-05
"AGCAGCCGTCGGGAGGAGTC"	"AGCAGACGTCGGGAGGAGTC"	1.2040127846784906e-05
"AGCAGCCGTCGGGAGGAGTC"	"AGCAGCCG--GGGAGGAGGC"	1.1823823886308066e-05
"AGCAGCCGTCGGGAGGAGTC"	"AGCAGCCGTCGGGGGGAGTC"	1.1385563735257155e-05
"AGCAGCCGTCGGGAGGAGTC"	"AGCAGCCGTCGGGAGGTGTC"	1.0650955881360793e-05
"AGCAGCCGTC-GGGAGGAGTC"	"AGCTGCCGTCAGGGAGGAGTC"	1.0463295557505683e-05
